{
  "sticker": {},
  "database": {},
  "game": {},
  "others": {},
  "users": {
    "6287852495788@s.whatsapp.net": {
      "rpg": false,
      "daftar": false,
      "vip": false,
      "badword": 0,
      "title": "",
      "serialNumber": "5c0d67c6d4e4e5998895dfb478889278",
      "nick": "val𖣂",
      "nama": "Guest",
      "pacar": "",
      "askot": "",
      "umur": 0,
      "premium": false,
      "totalLimit": 20,
      "limit": 20,
      "uang": 1000,
      "lastclaim": 1739546548619,
      "lastrampok": 1739546548619,
      "pctime": 1739546548619,
      "coins": 0,
      "exp": 0,
      "rank": 700,
      "level": 0
    },
    "120363364330631981@newsletter": {
      "rpg": false,
      "daftar": false,
      "vip": false,
      "badword": 0,
      "title": "",
      "serialNumber": "65411884841e27c0eb603e551c7023c3",
      "nama": "Guest",
      "pacar": "",
      "askot": "",
      "umur": 0,
      "premium": false,
      "totalLimit": 20,
      "limit": 20,
      "uang": 1000,
      "lastclaim": 1739546558886,
      "lastrampok": 1739546558886,
      "pctime": "",
      "coins": 0,
      "exp": 0,
      "rank": 700,
      "level": 0
    },
    "6285655548594@s.whatsapp.net": {
      "rpg": false,
      "daftar": false,
      "vip": true,
      "badword": 0,
      "title": "",
      "serialNumber": "f14c083a40e93232bc40e029addd52be",
      "nick": "Ryzen Store",
      "nama": "Guest",
      "pacar": "",
      "askot": "",
      "umur": 0,
      "premium": true,
      "totalLimit": 20,
      "limit": 999,
      "uang": 1000000,
      "lastclaim": 1739546567640,
      "lastrampok": 1739546567640,
      "pctime": 1739601255002,
      "coins": 0,
      "exp": 0,
      "rank": 700,
      "level": 0
    },
    "6285718290295@s.whatsapp.net": {
      "rpg": false,
      "daftar": false,
      "vip": true,
      "badword": 0,
      "title": "",
      "serialNumber": "714b4d1d684e0c857a65c2710087127f",
      "nick": "RyzenOFC",
      "nama": "Guest",
      "pacar": "",
      "askot": "",
      "umur": 0,
      "premium": true,
      "totalLimit": 20,
      "limit": 1000,
      "uang": 1000000,
      "lastclaim": 1739546568386,
      "lastrampok": 1739546568386,
      "pctime": "",
      "coins": 0,
      "exp": 0,
      "rank": 700,
      "level": 0
    },
    "6283879815718@s.whatsapp.net": {
      "rpg": false,
      "daftar": false,
      "vip": false,
      "badword": 0,
      "title": "",
      "serialNumber": "9a145aad04f5b7bb4f2af0010ab50008",
      "nick": "cyl",
      "nama": "Guest",
      "pacar": "",
      "askot": "",
      "umur": 0,
      "premium": false,
      "totalLimit": 20,
      "limit": 20,
      "uang": 1000,
      "lastclaim": 1739547621239,
      "lastrampok": 1739547621239,
      "pctime": "",
      "coins": 0,
      "exp": 0,
      "rank": 700,
      "level": 0
    },
    "6282284029862@s.whatsapp.net": {
      "rpg": false,
      "daftar": false,
      "vip": false,
      "badword": 0,
      "title": "",
      "serialNumber": "7913701ff9329100f2852496aad6c936",
      "nick": "sewa bot manen 3k",
      "nama": "Guest",
      "pacar": "",
      "askot": "",
      "umur": 0,
      "premium": false,
      "totalLimit": 20,
      "limit": 20,
      "uang": 1000,
      "lastclaim": 1739549274076,
      "lastrampok": 1739549274076,
      "pctime": "",
      "coins": 0,
      "exp": 0,
      "rank": 700,
      "level": 0
    },
    "62881011040349@s.whatsapp.net": {
      "rpg": false,
      "daftar": true,
      "vip": false,
      "badword": 0,
      "title": "",
      "serialNumber": "12705830a6f5b7c2ab61a6360349f91c",
      "nick": "Ayame",
      "nama": "Natsu",
      "pacar": "",
      "askot": "jakarta",
      "umur": 15,
      "premium": false,
      "totalLimit": 20,
      "limit": 31,
      "uang": 6000,
      "lastclaim": 1739549583523,
      "lastrampok": 1739549583523,
      "pctime": "",
      "coins": 0,
      "exp": 0,
      "rank": 700,
      "level": 0
    },
    "6283165377134@s.whatsapp.net": {
      "rpg": false,
      "daftar": false,
      "vip": false,
      "badword": 0,
      "title": "",
      "serialNumber": "0f9d70ace085e06926a2af018d2deffa",
      "nick": "SkY",
      "nama": "Guest",
      "pacar": "",
      "askot": "",
      "umur": 0,
      "premium": false,
      "totalLimit": 20,
      "limit": 20,
      "uang": 1000,
      "lastclaim": 1739550221440,
      "lastrampok": 1739550221440,
      "pctime": "",
      "coins": 0,
      "exp": 0,
      "rank": 700,
      "level": 0
    },
    "6285838779193@s.whatsapp.net": {
      "rpg": false,
      "daftar": true,
      "vip": false,
      "badword": 0,
      "title": "",
      "serialNumber": "5ed52edfe084a92e0ba057185b5d45bd",
      "nick": "—Keyyàru",
      "nama": "Keyyaru",
      "pacar": "",
      "askot": "Lampung",
      "umur": 12,
      "premium": false,
      "totalLimit": 20,
      "limit": 40,
      "uang": 6000,
      "lastclaim": 1739550385822,
      "lastrampok": 1739550385822,
      "pctime": "",
      "coins": 0,
      "exp": 0,
      "rank": 700,
      "level": 0
    },
    "6288994306483@s.whatsapp.net": {
      "rpg": false,
      "daftar": false,
      "vip": false,
      "badword": 0,
      "title": "",
      "serialNumber": "ae536d25bc5133fd11aa8e46a10ea11a",
      "nick": "Rama",
      "nama": "Guest",
      "pacar": "",
      "askot": "",
      "umur": 0,
      "premium": false,
      "totalLimit": 20,
      "limit": 20,
      "uang": 1000,
      "lastclaim": 1739550868950,
      "lastrampok": 1739550868950,
      "pctime": "",
      "coins": 0,
      "exp": 0,
      "rank": 700,
      "level": 0
    },
    "6283808271280@s.whatsapp.net": {
      "rpg": false,
      "daftar": false,
      "vip": false,
      "badword": 0,
      "title": "",
      "serialNumber": "de872a85d748e1723c1f8f8a5f1f5896",
      "nick": ".",
      "nama": "Guest",
      "pacar": "",
      "askot": "",
      "umur": 0,
      "premium": false,
      "totalLimit": 20,
      "limit": 20,
      "uang": 1000,
      "lastclaim": 1739551094170,
      "lastrampok": 1739551094170,
      "pctime": "",
      "coins": 0,
      "exp": 0,
      "rank": 700,
      "level": 0
    },
    "6287790214711@s.whatsapp.net": {
      "rpg": false,
      "daftar": false,
      "vip": false,
      "badword": 0,
      "title": "",
      "serialNumber": "5d756f801945012d4bfa01aa5eff0445",
      "nick": "ϟ YanzXz | Vip",
      "nama": "Guest",
      "pacar": "",
      "askot": "",
      "umur": 0,
      "premium": false,
      "totalLimit": 20,
      "limit": 20,
      "uang": 1000,
      "lastclaim": 1739552217593,
      "lastrampok": 1739552217593,
      "pctime": "",
      "coins": 0,
      "exp": 0,
      "rank": 700,
      "level": 0
    },
    "6283192940428@s.whatsapp.net": {
      "rpg": false,
      "daftar": false,
      "vip": false,
      "badword": 0,
      "title": "",
      "serialNumber": "913ffacec90e6d5a02cba1d87f83ab3a",
      "nick": "arfan a nya anak baik.",
      "nama": "Guest",
      "pacar": "",
      "askot": "",
      "umur": 0,
      "premium": false,
      "totalLimit": 20,
      "limit": 20,
      "uang": 1000,
      "lastclaim": 1739553189594,
      "lastrampok": 1739553189594,
      "pctime": "",
      "coins": 0,
      "exp": 0,
      "rank": 700,
      "level": 0
    },
    "6285606852058@s.whatsapp.net": {
      "rpg": false,
      "daftar": false,
      "vip": false,
      "badword": 0,
      "title": "",
      "serialNumber": "94478435514975a6d8332d8a94c0653c",
      "nick": "Lynzx Back",
      "nama": "Guest",
      "pacar": "",
      "askot": "",
      "umur": 0,
      "premium": false,
      "totalLimit": 20,
      "limit": 20,
      "uang": 1000,
      "lastclaim": 1739553199380,
      "lastrampok": 1739553199380,
      "pctime": "",
      "coins": 0,
      "exp": 0,
      "rank": 700,
      "level": 0
    },
    "6287874021669@s.whatsapp.net": {
      "rpg": false,
      "daftar": false,
      "vip": false,
      "badword": 0,
      "title": "",
      "serialNumber": "7227ce4daf00c62c442cc9adb467005c",
      "nick": "Ǥㄥ乇乇几☚⍢⃝☚",
      "nama": "Guest",
      "pacar": "",
      "askot": "",
      "umur": 0,
      "premium": false,
      "totalLimit": 20,
      "limit": 20,
      "uang": 1000,
      "lastclaim": 1739553218074,
      "lastrampok": 1739553218074,
      "pctime": 1739553295229,
      "coins": 0,
      "exp": 0,
      "rank": 700,
      "level": 0
    },
    "6287788392122@s.whatsapp.net": {
      "rpg": false,
      "daftar": false,
      "vip": false,
      "badword": 0,
      "title": "",
      "serialNumber": "911c331b467fde435dd593e95098fe01",
      "nick": "Enemy",
      "nama": "Guest",
      "pacar": "",
      "askot": "",
      "umur": 0,
      "premium": false,
      "totalLimit": 20,
      "limit": 19,
      "uang": 1000,
      "lastclaim": 1739553374068,
      "lastrampok": 1739553374068,
      "pctime": "",
      "coins": 0,
      "exp": 0,
      "rank": 700,
      "level": 0
    },
    "6285166403987@s.whatsapp.net": {
      "rpg": false,
      "daftar": false,
      "vip": false,
      "badword": 0,
      "title": "",
      "serialNumber": "7da9d338263d3e81033e48a236753f7d",
      "nick": "♟🎃  ᕼ𝐚мм𝓐ⓡι ђ𝐀ＤǗ𝐑เ 𝕜𝔸𝐇𝒶𝓃𝐈",
      "nama": "Guest",
      "pacar": "",
      "askot": "",
      "umur": 0,
      "premium": false,
      "totalLimit": 20,
      "limit": 20,
      "uang": 1000,
      "lastclaim": 1739585452916,
      "lastrampok": 1739585452916,
      "pctime": "",
      "coins": 0,
      "exp": 0,
      "rank": 700,
      "level": 0
    },
    "6283856877894@s.whatsapp.net": {
      "rpg": true,
      "daftar": false,
      "vip": false,
      "badword": 0,
      "title": "",
      "serialNumber": "0dfa23cbbb60888a55951202f41afb87",
      "nick": "RyzenOFC",
      "nama": "Guest",
      "pacar": "",
      "askot": "",
      "umur": 0,
      "totalLimit": 1000,
      "limit": 1000,
      "uang": 1003737,
      "lastclaim": 1739590677957,
      "lastrampok": 1739590677957,
      "pctime": "",
      "coins": 0,
      "exp": 0,
      "rank": 700,
      "level": 0
    },
    "6283866450244@s.whatsapp.net": {
      "rpg": false,
      "daftar": false,
      "vip": false,
      "badword": 0,
      "title": "",
      "serialNumber": "0180264a18ca16c598b1dacf56d186c5",
      "nick": "Baan",
      "nama": "Guest",
      "pacar": "",
      "askot": "",
      "umur": 0,
      "premium": false,
      "totalLimit": 20,
      "limit": 20,
      "uang": 1000,
      "lastclaim": 1739590738018,
      "lastrampok": 1739590738018,
      "pctime": 1739612639230,
      "coins": 0,
      "exp": 0,
      "rank": 700,
      "level": 0
    },
    "6283129785998@s.whatsapp.net": {
      "rpg": false,
      "daftar": false,
      "vip": false,
      "badword": 0,
      "title": "",
      "serialNumber": "61aae629ddc70f5aeef2c6e5f8e3510e",
      "nick": "Astartez",
      "nama": "Guest",
      "pacar": "",
      "askot": "",
      "umur": 0,
      "premium": false,
      "totalLimit": 20,
      "limit": 18,
      "uang": 1000,
      "lastclaim": 1739591570828,
      "lastrampok": 1739591570828,
      "pctime": "",
      "coins": 0,
      "exp": 0,
      "rank": 700,
      "level": 0
    },
    "6285808272676@s.whatsapp.net": {
      "rpg": false,
      "daftar": false,
      "vip": false,
      "badword": 0,
      "title": "",
      "serialNumber": "53d5269bbe743022a765b30a702e01b9",
      "nick": "AHMAD 🥴🥲",
      "nama": "Guest",
      "pacar": "",
      "askot": "",
      "umur": 0,
      "premium": false,
      "totalLimit": 20,
      "limit": 20,
      "uang": 1000,
      "lastclaim": 1739594100613,
      "lastrampok": 1739594100613,
      "pctime": "",
      "coins": 0,
      "exp": 0,
      "rank": 700,
      "level": 0
    },
    "6283187338718@s.whatsapp.net": {
      "rpg": false,
      "daftar": false,
      "vip": false,
      "badword": 0,
      "title": "",
      "serialNumber": "cb15d996a549cc43be175306e2ac9fe4",
      "nick": "sigma sigma boy",
      "nama": "Guest",
      "pacar": "",
      "askot": "",
      "umur": 0,
      "premium": false,
      "totalLimit": 20,
      "limit": 20,
      "uang": 1000,
      "lastclaim": 1739595676638,
      "lastrampok": 1739595676638,
      "pctime": "",
      "coins": 0,
      "exp": 0,
      "rank": 700,
      "level": 0
    },
    "6281374223392@s.whatsapp.net": {
      "rpg": false,
      "daftar": false,
      "vip": false,
      "badword": 0,
      "title": "",
      "serialNumber": "6ecdc7e33d39ab1c5624a139d1cbfceb",
      "nick": "nak meletup",
      "nama": "Guest",
      "pacar": "",
      "askot": "",
      "umur": 0,
      "premium": false,
      "totalLimit": 20,
      "limit": 20,
      "uang": 1000,
      "lastclaim": 1739596087314,
      "lastrampok": 1739596087314,
      "pctime": "",
      "coins": 0,
      "exp": 0,
      "rank": 700,
      "level": 0
    },
    "6285828633592@s.whatsapp.net": {
      "rpg": false,
      "daftar": false,
      "vip": false,
      "badword": 0,
      "title": "",
      "serialNumber": "f3f64c93d746a1d9baf1d7eb007997a6",
      "nick": "Skibjdi",
      "nama": "Guest",
      "pacar": "",
      "askot": "",
      "umur": 0,
      "premium": false,
      "totalLimit": 20,
      "limit": 20,
      "uang": 1000,
      "lastclaim": 1739596826014,
      "lastrampok": 1739596826014,
      "pctime": "",
      "coins": 0,
      "exp": 0,
      "rank": 700,
      "level": 0
    },
    "62881012072881@s.whatsapp.net": {
      "rpg": false,
      "daftar": false,
      "vip": false,
      "badword": 0,
      "title": "",
      "serialNumber": "2e0c5d0fd8ed60eeadb265017560332a",
      "nick": "El Fliker",
      "nama": "Guest",
      "pacar": "",
      "askot": "",
      "umur": 0,
      "premium": false,
      "totalLimit": 20,
      "limit": 20,
      "uang": 1000,
      "lastclaim": 1739603074769,
      "lastrampok": 1739603074769,
      "pctime": "",
      "coins": 0,
      "exp": 0,
      "rank": 700,
      "level": 0
    },
    "6285691603972@s.whatsapp.net": {
      "rpg": false,
      "daftar": false,
      "vip": false,
      "badword": 0,
      "title": "",
      "serialNumber": "3efaa1890377292caf92fe04eef92bb9",
      "nick": "Fuck",
      "nama": "Guest",
      "pacar": "",
      "askot": "",
      "umur": 0,
      "premium": false,
      "totalLimit": 20,
      "limit": 20,
      "uang": 1000,
      "lastclaim": 1739605428937,
      "lastrampok": 1739605428937,
      "pctime": "",
      "coins": 0,
      "exp": 0,
      "rank": 700,
      "level": 0
    },
    "6282172108124@s.whatsapp.net": {
      "rpg": false,
      "daftar": false,
      "vip": false,
      "badword": 0,
      "title": "",
      "serialNumber": "b3196d1bd0f979a019769b5c89f07558",
      "nick": ".",
      "nama": "Guest",
      "pacar": "",
      "askot": "",
      "umur": 0,
      "premium": false,
      "totalLimit": 20,
      "limit": 20,
      "uang": 1000,
      "lastclaim": 1739610306192,
      "lastrampok": 1739610306192,
      "pctime": "",
      "coins": 0,
      "exp": 0,
      "rank": 700,
      "level": 0
    },
    "120363372111850676@newsletter": {
      "rpg": false,
      "daftar": false,
      "vip": false,
      "badword": 0,
      "title": "",
      "serialNumber": "edef92be4c6b0a77bab22edccf9c0e2f",
      "nama": "Guest",
      "pacar": "",
      "askot": "",
      "umur": 0,
      "premium": false,
      "totalLimit": 20,
      "limit": 20,
      "uang": 1000,
      "lastclaim": 1739617386989,
      "lastrampok": 1739617386989,
      "pctime": "",
      "coins": 0,
      "exp": 0,
      "rank": 700,
      "level": 0
    }
  },
  "rpg": {
    "6287852495788@s.whatsapp.net": {
      "kapal": false,
      "darahkapal": 100,
      "pickaxe": false,
      "darahpickaxe": 100,
      "kapak": false,
      "darahkapak": 100,
      "bzirah": false,
      "darahbzirah": 100,
      "pedang": false,
      "darahpedang": 100,
      "darahuser": 100,
      "rumah": 0,
      "besi": 4,
      "kayu": 2,
      "emas": 0,
      "perak": 0,
      "batubara": 0,
      "bulu": 0,
      "kain": 0,
      "wilayah": "Indonesia",
      "wilayahrumah": "Indonesia",
      "musuh": 0,
      "ikan": 0,
      "domba": 0,
      "sapi": 0,
      "ayam": 0,
      "bank": 0,
      "burutime": 0,
      "lastclaim": 0,
      "lastdagang": 0,
      "lastbansos": 0,
      "lastkerja": 0,
      "lastrampok": 0
    },
    "120363364330631981@newsletter": {
      "kapal": false,
      "darahkapal": 100,
      "pickaxe": false,
      "darahpickaxe": 100,
      "kapak": false,
      "darahkapak": 100,
      "bzirah": false,
      "darahbzirah": 100,
      "pedang": false,
      "darahpedang": 100,
      "darahuser": 100,
      "rumah": 0,
      "besi": 4,
      "kayu": 2,
      "emas": 0,
      "perak": 0,
      "batubara": 0,
      "bulu": 0,
      "kain": 0,
      "wilayah": "Indonesia",
      "wilayahrumah": "Indonesia",
      "musuh": 0,
      "ikan": 0,
      "domba": 0,
      "sapi": 0,
      "ayam": 0,
      "bank": 0,
      "burutime": 0,
      "lastclaim": 0,
      "lastdagang": 0,
      "lastbansos": 0,
      "lastkerja": 0,
      "lastrampok": 0
    },
    "6285655548594@s.whatsapp.net": {
      "kapal": false,
      "darahkapal": 100,
      "pickaxe": false,
      "darahpickaxe": 100,
      "kapak": false,
      "darahkapak": 100,
      "bzirah": false,
      "darahbzirah": 100,
      "pedang": false,
      "darahpedang": 100,
      "darahuser": 100,
      "rumah": 0,
      "besi": 4,
      "kayu": 2,
      "emas": 0,
      "perak": 0,
      "batubara": 0,
      "bulu": 0,
      "kain": 0,
      "wilayah": "Indonesia",
      "wilayahrumah": "Indonesia",
      "musuh": 0,
      "ikan": 0,
      "domba": 0,
      "sapi": 0,
      "ayam": 0,
      "bank": 0,
      "burutime": 0,
      "lastclaim": 0,
      "lastdagang": 0,
      "lastbansos": 0,
      "lastkerja": 0,
      "lastrampok": 0
    },
    "6285718290295@s.whatsapp.net": {
      "kapal": false,
      "darahkapal": 100,
      "pickaxe": false,
      "darahpickaxe": 100,
      "kapak": false,
      "darahkapak": 100,
      "bzirah": false,
      "darahbzirah": 100,
      "pedang": false,
      "darahpedang": 100,
      "darahuser": 100,
      "rumah": 0,
      "besi": 4,
      "kayu": 2,
      "emas": 0,
      "perak": 0,
      "batubara": 0,
      "bulu": 0,
      "kain": 0,
      "wilayah": "Indonesia",
      "wilayahrumah": "Indonesia",
      "musuh": 0,
      "ikan": 0,
      "domba": 0,
      "sapi": 0,
      "ayam": 0,
      "bank": 0,
      "burutime": 0,
      "lastclaim": 0,
      "lastdagang": 0,
      "lastbansos": 0,
      "lastkerja": 0,
      "lastrampok": 0
    },
    "6283879815718@s.whatsapp.net": {
      "kapal": false,
      "darahkapal": 100,
      "pickaxe": false,
      "darahpickaxe": 100,
      "kapak": false,
      "darahkapak": 100,
      "bzirah": false,
      "darahbzirah": 100,
      "pedang": false,
      "darahpedang": 100,
      "darahuser": 100,
      "rumah": 0,
      "besi": 4,
      "kayu": 2,
      "emas": 0,
      "perak": 0,
      "batubara": 0,
      "bulu": 0,
      "kain": 0,
      "wilayah": "Indonesia",
      "wilayahrumah": "Indonesia",
      "musuh": 0,
      "ikan": 0,
      "domba": 0,
      "sapi": 0,
      "ayam": 0,
      "bank": 0,
      "burutime": 0,
      "lastclaim": 0,
      "lastdagang": 0,
      "lastbansos": 0,
      "lastkerja": 0,
      "lastrampok": 0
    },
    "6282284029862@s.whatsapp.net": {
      "kapal": false,
      "darahkapal": 100,
      "pickaxe": false,
      "darahpickaxe": 100,
      "kapak": false,
      "darahkapak": 100,
      "bzirah": false,
      "darahbzirah": 100,
      "pedang": false,
      "darahpedang": 100,
      "darahuser": 100,
      "rumah": 0,
      "besi": 4,
      "kayu": 2,
      "emas": 0,
      "perak": 0,
      "batubara": 0,
      "bulu": 0,
      "kain": 0,
      "wilayah": "Indonesia",
      "wilayahrumah": "Indonesia",
      "musuh": 0,
      "ikan": 0,
      "domba": 0,
      "sapi": 0,
      "ayam": 0,
      "bank": 0,
      "burutime": 0,
      "lastclaim": 0,
      "lastdagang": 0,
      "lastbansos": 0,
      "lastkerja": 0,
      "lastrampok": 0
    },
    "62881011040349@s.whatsapp.net": {
      "kapal": false,
      "darahkapal": 100,
      "pickaxe": false,
      "darahpickaxe": 100,
      "kapak": false,
      "darahkapak": 100,
      "bzirah": false,
      "darahbzirah": 100,
      "pedang": false,
      "darahpedang": 100,
      "darahuser": 100,
      "rumah": 0,
      "besi": 4,
      "kayu": 2,
      "emas": 0,
      "perak": 0,
      "batubara": 0,
      "bulu": 0,
      "kain": 0,
      "wilayah": "Indonesia",
      "wilayahrumah": "Indonesia",
      "musuh": 0,
      "ikan": 0,
      "domba": 0,
      "sapi": 0,
      "ayam": 0,
      "bank": 0,
      "burutime": 0,
      "lastclaim": 0,
      "lastdagang": 0,
      "lastbansos": 0,
      "lastkerja": 0,
      "lastrampok": 0
    },
    "6283165377134@s.whatsapp.net": {
      "kapal": false,
      "darahkapal": 100,
      "pickaxe": false,
      "darahpickaxe": 100,
      "kapak": false,
      "darahkapak": 100,
      "bzirah": false,
      "darahbzirah": 100,
      "pedang": false,
      "darahpedang": 100,
      "darahuser": 100,
      "rumah": 0,
      "besi": 4,
      "kayu": 2,
      "emas": 0,
      "perak": 0,
      "batubara": 0,
      "bulu": 0,
      "kain": 0,
      "wilayah": "Indonesia",
      "wilayahrumah": "Indonesia",
      "musuh": 0,
      "ikan": 0,
      "domba": 0,
      "sapi": 0,
      "ayam": 0,
      "bank": 0,
      "burutime": 0,
      "lastclaim": 0,
      "lastdagang": 0,
      "lastbansos": 0,
      "lastkerja": 0,
      "lastrampok": 0
    },
    "6285838779193@s.whatsapp.net": {
      "kapal": false,
      "darahkapal": 100,
      "pickaxe": false,
      "darahpickaxe": 100,
      "kapak": false,
      "darahkapak": 100,
      "bzirah": false,
      "darahbzirah": 100,
      "pedang": false,
      "darahpedang": 100,
      "darahuser": 100,
      "rumah": 0,
      "besi": 4,
      "kayu": 2,
      "emas": 0,
      "perak": 0,
      "batubara": 0,
      "bulu": 0,
      "kain": 0,
      "wilayah": "Indonesia",
      "wilayahrumah": "Indonesia",
      "musuh": 0,
      "ikan": 0,
      "domba": 0,
      "sapi": 0,
      "ayam": 0,
      "bank": 0,
      "burutime": 0,
      "lastclaim": 0,
      "lastdagang": 0,
      "lastbansos": 0,
      "lastkerja": 0,
      "lastrampok": 0
    },
    "6288994306483@s.whatsapp.net": {
      "kapal": false,
      "darahkapal": 100,
      "pickaxe": false,
      "darahpickaxe": 100,
      "kapak": false,
      "darahkapak": 100,
      "bzirah": false,
      "darahbzirah": 100,
      "pedang": false,
      "darahpedang": 100,
      "darahuser": 100,
      "rumah": 0,
      "besi": 4,
      "kayu": 2,
      "emas": 0,
      "perak": 0,
      "batubara": 0,
      "bulu": 0,
      "kain": 0,
      "wilayah": "Indonesia",
      "wilayahrumah": "Indonesia",
      "musuh": 0,
      "ikan": 0,
      "domba": 0,
      "sapi": 0,
      "ayam": 0,
      "bank": 0,
      "burutime": 0,
      "lastclaim": 0,
      "lastdagang": 0,
      "lastbansos": 0,
      "lastkerja": 0,
      "lastrampok": 0
    },
    "6283808271280@s.whatsapp.net": {
      "kapal": false,
      "darahkapal": 100,
      "pickaxe": false,
      "darahpickaxe": 100,
      "kapak": false,
      "darahkapak": 100,
      "bzirah": false,
      "darahbzirah": 100,
      "pedang": false,
      "darahpedang": 100,
      "darahuser": 100,
      "rumah": 0,
      "besi": 4,
      "kayu": 2,
      "emas": 0,
      "perak": 0,
      "batubara": 0,
      "bulu": 0,
      "kain": 0,
      "wilayah": "Indonesia",
      "wilayahrumah": "Indonesia",
      "musuh": 0,
      "ikan": 0,
      "domba": 0,
      "sapi": 0,
      "ayam": 0,
      "bank": 0,
      "burutime": 0,
      "lastclaim": 0,
      "lastdagang": 0,
      "lastbansos": 0,
      "lastkerja": 0,
      "lastrampok": 0
    },
    "6287790214711@s.whatsapp.net": {
      "kapal": false,
      "darahkapal": 100,
      "pickaxe": false,
      "darahpickaxe": 100,
      "kapak": false,
      "darahkapak": 100,
      "bzirah": false,
      "darahbzirah": 100,
      "pedang": false,
      "darahpedang": 100,
      "darahuser": 100,
      "rumah": 0,
      "besi": 4,
      "kayu": 2,
      "emas": 0,
      "perak": 0,
      "batubara": 0,
      "bulu": 0,
      "kain": 0,
      "wilayah": "Indonesia",
      "wilayahrumah": "Indonesia",
      "musuh": 0,
      "ikan": 0,
      "domba": 0,
      "sapi": 0,
      "ayam": 0,
      "bank": 0,
      "burutime": 0,
      "lastclaim": 0,
      "lastdagang": 0,
      "lastbansos": 0,
      "lastkerja": 0,
      "lastrampok": 0
    },
    "6283192940428@s.whatsapp.net": {
      "kapal": false,
      "darahkapal": 100,
      "pickaxe": false,
      "darahpickaxe": 100,
      "kapak": false,
      "darahkapak": 100,
      "bzirah": false,
      "darahbzirah": 100,
      "pedang": false,
      "darahpedang": 100,
      "darahuser": 100,
      "rumah": 0,
      "besi": 4,
      "kayu": 2,
      "emas": 0,
      "perak": 0,
      "batubara": 0,
      "bulu": 0,
      "kain": 0,
      "wilayah": "Indonesia",
      "wilayahrumah": "Indonesia",
      "musuh": 0,
      "ikan": 0,
      "domba": 0,
      "sapi": 0,
      "ayam": 0,
      "bank": 0,
      "burutime": 0,
      "lastclaim": 0,
      "lastdagang": 0,
      "lastbansos": 0,
      "lastkerja": 0,
      "lastrampok": 0
    },
    "6285606852058@s.whatsapp.net": {
      "kapal": false,
      "darahkapal": 100,
      "pickaxe": false,
      "darahpickaxe": 100,
      "kapak": false,
      "darahkapak": 100,
      "bzirah": false,
      "darahbzirah": 100,
      "pedang": false,
      "darahpedang": 100,
      "darahuser": 100,
      "rumah": 0,
      "besi": 4,
      "kayu": 2,
      "emas": 0,
      "perak": 0,
      "batubara": 0,
      "bulu": 0,
      "kain": 0,
      "wilayah": "Indonesia",
      "wilayahrumah": "Indonesia",
      "musuh": 0,
      "ikan": 0,
      "domba": 0,
      "sapi": 0,
      "ayam": 0,
      "bank": 0,
      "burutime": 0,
      "lastclaim": 0,
      "lastdagang": 0,
      "lastbansos": 0,
      "lastkerja": 0,
      "lastrampok": 0
    },
    "6287874021669@s.whatsapp.net": {
      "kapal": false,
      "darahkapal": 100,
      "pickaxe": false,
      "darahpickaxe": 100,
      "kapak": false,
      "darahkapak": 100,
      "bzirah": false,
      "darahbzirah": 100,
      "pedang": false,
      "darahpedang": 100,
      "darahuser": 100,
      "rumah": 0,
      "besi": 4,
      "kayu": 2,
      "emas": 0,
      "perak": 0,
      "batubara": 0,
      "bulu": 0,
      "kain": 0,
      "wilayah": "Indonesia",
      "wilayahrumah": "Indonesia",
      "musuh": 0,
      "ikan": 0,
      "domba": 0,
      "sapi": 0,
      "ayam": 0,
      "bank": 0,
      "burutime": 0,
      "lastclaim": 0,
      "lastdagang": 0,
      "lastbansos": 0,
      "lastkerja": 0,
      "lastrampok": 0
    },
    "6287788392122@s.whatsapp.net": {
      "kapal": false,
      "darahkapal": 100,
      "pickaxe": false,
      "darahpickaxe": 100,
      "kapak": false,
      "darahkapak": 100,
      "bzirah": false,
      "darahbzirah": 100,
      "pedang": false,
      "darahpedang": 100,
      "darahuser": 100,
      "rumah": 0,
      "besi": 4,
      "kayu": 2,
      "emas": 0,
      "perak": 0,
      "batubara": 0,
      "bulu": 0,
      "kain": 0,
      "wilayah": "Indonesia",
      "wilayahrumah": "Indonesia",
      "musuh": 0,
      "ikan": 0,
      "domba": 0,
      "sapi": 0,
      "ayam": 0,
      "bank": 0,
      "burutime": 0,
      "lastclaim": 0,
      "lastdagang": 0,
      "lastbansos": 0,
      "lastkerja": 0,
      "lastrampok": 0
    },
    "6285166403987@s.whatsapp.net": {
      "kapal": false,
      "darahkapal": 100,
      "pickaxe": false,
      "darahpickaxe": 100,
      "kapak": false,
      "darahkapak": 100,
      "bzirah": false,
      "darahbzirah": 100,
      "pedang": false,
      "darahpedang": 100,
      "darahuser": 100,
      "rumah": 0,
      "besi": 4,
      "kayu": 2,
      "emas": 0,
      "perak": 0,
      "batubara": 0,
      "bulu": 0,
      "kain": 0,
      "wilayah": "Indonesia",
      "wilayahrumah": "Indonesia",
      "musuh": 0,
      "ikan": 0,
      "domba": 0,
      "sapi": 0,
      "ayam": 0,
      "bank": 0,
      "burutime": 0,
      "lastclaim": 0,
      "lastdagang": 0,
      "lastbansos": 0,
      "lastkerja": 0,
      "lastrampok": 0
    },
    "6283856877894@s.whatsapp.net": {
      "kapal": false,
      "darahkapal": 100,
      "pickaxe": false,
      "darahpickaxe": 100,
      "kapak": false,
      "darahkapak": 100,
      "bzirah": false,
      "darahbzirah": 100,
      "pedang": false,
      "darahpedang": 100,
      "darahuser": 100,
      "rumah": 0,
      "besi": 4,
      "kayu": 2,
      "emas": 0,
      "perak": 0,
      "batubara": 0,
      "bulu": 0,
      "kain": 0,
      "wilayah": "Indonesia",
      "wilayahrumah": "Indonesia",
      "musuh": 0,
      "ikan": 0,
      "domba": 0,
      "sapi": 0,
      "ayam": 0,
      "bank": 0,
      "burutime": 0,
      "lastclaim": 0,
      "lastdagang": 0,
      "lastbansos": 0,
      "lastkerja": 1739590756580,
      "lastrampok": 0
    },
    "6283866450244@s.whatsapp.net": {
      "kapal": false,
      "darahkapal": 100,
      "pickaxe": false,
      "darahpickaxe": 100,
      "kapak": false,
      "darahkapak": 100,
      "bzirah": false,
      "darahbzirah": 100,
      "pedang": false,
      "darahpedang": 100,
      "darahuser": 100,
      "rumah": 0,
      "besi": 4,
      "kayu": 2,
      "emas": 0,
      "perak": 0,
      "batubara": 0,
      "bulu": 0,
      "kain": 0,
      "wilayah": "Indonesia",
      "wilayahrumah": "Indonesia",
      "musuh": 0,
      "ikan": 0,
      "domba": 0,
      "sapi": 0,
      "ayam": 0,
      "bank": 0,
      "burutime": 0,
      "lastclaim": 0,
      "lastdagang": 0,
      "lastbansos": 0,
      "lastkerja": 0,
      "lastrampok": 0
    },
    "6283129785998@s.whatsapp.net": {
      "kapal": false,
      "darahkapal": 100,
      "pickaxe": false,
      "darahpickaxe": 100,
      "kapak": false,
      "darahkapak": 100,
      "bzirah": false,
      "darahbzirah": 100,
      "pedang": false,
      "darahpedang": 100,
      "darahuser": 100,
      "rumah": 0,
      "besi": 4,
      "kayu": 2,
      "emas": 0,
      "perak": 0,
      "batubara": 0,
      "bulu": 0,
      "kain": 0,
      "wilayah": "Indonesia",
      "wilayahrumah": "Indonesia",
      "musuh": 0,
      "ikan": 0,
      "domba": 0,
      "sapi": 0,
      "ayam": 0,
      "bank": 0,
      "burutime": 0,
      "lastclaim": 0,
      "lastdagang": 0,
      "lastbansos": 0,
      "lastkerja": 0,
      "lastrampok": 0
    },
    "6285808272676@s.whatsapp.net": {
      "kapal": false,
      "darahkapal": 100,
      "pickaxe": false,
      "darahpickaxe": 100,
      "kapak": false,
      "darahkapak": 100,
      "bzirah": false,
      "darahbzirah": 100,
      "pedang": false,
      "darahpedang": 100,
      "darahuser": 100,
      "rumah": 0,
      "besi": 4,
      "kayu": 2,
      "emas": 0,
      "perak": 0,
      "batubara": 0,
      "bulu": 0,
      "kain": 0,
      "wilayah": "Indonesia",
      "wilayahrumah": "Indonesia",
      "musuh": 0,
      "ikan": 0,
      "domba": 0,
      "sapi": 0,
      "ayam": 0,
      "bank": 0,
      "burutime": 0,
      "lastclaim": 0,
      "lastdagang": 0,
      "lastbansos": 0,
      "lastkerja": 0,
      "lastrampok": 0
    },
    "6283187338718@s.whatsapp.net": {
      "kapal": false,
      "darahkapal": 100,
      "pickaxe": false,
      "darahpickaxe": 100,
      "kapak": false,
      "darahkapak": 100,
      "bzirah": false,
      "darahbzirah": 100,
      "pedang": false,
      "darahpedang": 100,
      "darahuser": 100,
      "rumah": 0,
      "besi": 4,
      "kayu": 2,
      "emas": 0,
      "perak": 0,
      "batubara": 0,
      "bulu": 0,
      "kain": 0,
      "wilayah": "Indonesia",
      "wilayahrumah": "Indonesia",
      "musuh": 0,
      "ikan": 0,
      "domba": 0,
      "sapi": 0,
      "ayam": 0,
      "bank": 0,
      "burutime": 0,
      "lastclaim": 0,
      "lastdagang": 0,
      "lastbansos": 0,
      "lastkerja": 0,
      "lastrampok": 0
    },
    "6281374223392@s.whatsapp.net": {
      "kapal": false,
      "darahkapal": 100,
      "pickaxe": false,
      "darahpickaxe": 100,
      "kapak": false,
      "darahkapak": 100,
      "bzirah": false,
      "darahbzirah": 100,
      "pedang": false,
      "darahpedang": 100,
      "darahuser": 100,
      "rumah": 0,
      "besi": 4,
      "kayu": 2,
      "emas": 0,
      "perak": 0,
      "batubara": 0,
      "bulu": 0,
      "kain": 0,
      "wilayah": "Indonesia",
      "wilayahrumah": "Indonesia",
      "musuh": 0,
      "ikan": 0,
      "domba": 0,
      "sapi": 0,
      "ayam": 0,
      "bank": 0,
      "burutime": 0,
      "lastclaim": 0,
      "lastdagang": 0,
      "lastbansos": 0,
      "lastkerja": 0,
      "lastrampok": 0
    },
    "6285828633592@s.whatsapp.net": {
      "kapal": false,
      "darahkapal": 100,
      "pickaxe": false,
      "darahpickaxe": 100,
      "kapak": false,
      "darahkapak": 100,
      "bzirah": false,
      "darahbzirah": 100,
      "pedang": false,
      "darahpedang": 100,
      "darahuser": 100,
      "rumah": 0,
      "besi": 4,
      "kayu": 2,
      "emas": 0,
      "perak": 0,
      "batubara": 0,
      "bulu": 0,
      "kain": 0,
      "wilayah": "Indonesia",
      "wilayahrumah": "Indonesia",
      "musuh": 0,
      "ikan": 0,
      "domba": 0,
      "sapi": 0,
      "ayam": 0,
      "bank": 0,
      "burutime": 0,
      "lastclaim": 0,
      "lastdagang": 0,
      "lastbansos": 0,
      "lastkerja": 0,
      "lastrampok": 0
    },
    "62881012072881@s.whatsapp.net": {
      "kapal": false,
      "darahkapal": 100,
      "pickaxe": false,
      "darahpickaxe": 100,
      "kapak": false,
      "darahkapak": 100,
      "bzirah": false,
      "darahbzirah": 100,
      "pedang": false,
      "darahpedang": 100,
      "darahuser": 100,
      "rumah": 0,
      "besi": 4,
      "kayu": 2,
      "emas": 0,
      "perak": 0,
      "batubara": 0,
      "bulu": 0,
      "kain": 0,
      "wilayah": "Indonesia",
      "wilayahrumah": "Indonesia",
      "musuh": 0,
      "ikan": 0,
      "domba": 0,
      "sapi": 0,
      "ayam": 0,
      "bank": 0,
      "burutime": 0,
      "lastclaim": 0,
      "lastdagang": 0,
      "lastbansos": 0,
      "lastkerja": 0,
      "lastrampok": 0
    },
    "6285691603972@s.whatsapp.net": {
      "kapal": false,
      "darahkapal": 100,
      "pickaxe": false,
      "darahpickaxe": 100,
      "kapak": false,
      "darahkapak": 100,
      "bzirah": false,
      "darahbzirah": 100,
      "pedang": false,
      "darahpedang": 100,
      "darahuser": 100,
      "rumah": 0,
      "besi": 4,
      "kayu": 2,
      "emas": 0,
      "perak": 0,
      "batubara": 0,
      "bulu": 0,
      "kain": 0,
      "wilayah": "Indonesia",
      "wilayahrumah": "Indonesia",
      "musuh": 0,
      "ikan": 0,
      "domba": 0,
      "sapi": 0,
      "ayam": 0,
      "bank": 0,
      "burutime": 0,
      "lastclaim": 0,
      "lastdagang": 0,
      "lastbansos": 0,
      "lastkerja": 0,
      "lastrampok": 0
    },
    "6282172108124@s.whatsapp.net": {
      "kapal": false,
      "darahkapal": 100,
      "pickaxe": false,
      "darahpickaxe": 100,
      "kapak": false,
      "darahkapak": 100,
      "bzirah": false,
      "darahbzirah": 100,
      "pedang": false,
      "darahpedang": 100,
      "darahuser": 100,
      "rumah": 0,
      "besi": 4,
      "kayu": 2,
      "emas": 0,
      "perak": 0,
      "batubara": 0,
      "bulu": 0,
      "kain": 0,
      "wilayah": "Indonesia",
      "wilayahrumah": "Indonesia",
      "musuh": 0,
      "ikan": 0,
      "domba": 0,
      "sapi": 0,
      "ayam": 0,
      "bank": 0,
      "burutime": 0,
      "lastclaim": 0,
      "lastdagang": 0,
      "lastbansos": 0,
      "lastkerja": 0,
      "lastrampok": 0
    },
    "120363372111850676@newsletter": {
      "kapal": false,
      "darahkapal": 100,
      "pickaxe": false,
      "darahpickaxe": 100,
      "kapak": false,
      "darahkapak": 100,
      "bzirah": false,
      "darahbzirah": 100,
      "pedang": false,
      "darahpedang": 100,
      "darahuser": 100,
      "rumah": 0,
      "besi": 4,
      "kayu": 2,
      "emas": 0,
      "perak": 0,
      "batubara": 0,
      "bulu": 0,
      "kain": 0,
      "wilayah": "Indonesia",
      "wilayahrumah": "Indonesia",
      "musuh": 0,
      "ikan": 0,
      "domba": 0,
      "sapi": 0,
      "ayam": 0,
      "bank": 0,
      "burutime": 0,
      "lastclaim": 0,
      "lastdagang": 0,
      "lastbansos": 0,
      "lastkerja": 0,
      "lastrampok": 0
    }
  },
  "chats": {
    "6287852495788@s.whatsapp.net": {
      "badword": false,
      "antiforeignnum": false,
      "antiviewonce": false,
      "autoaipc": false,
      "autoaigc": false,
      "antibot": false,
      "antispam": false,
      "antimedia": false,
      "antiimage": false,
      "antivideo": false,
      "antiaudio": false,
      "antisticker": false,
      "anticontact": false,
      "antilocation": false,
      "antidocument": false,
      "antilink": false,
      "antilinkgc": false,
      "mute": false,
      "liststore": {}
    },
    "120363364330631981@newsletter": {
      "badword": false,
      "antiforeignnum": false,
      "antiviewonce": false,
      "autoaipc": false,
      "autoaigc": false,
      "antibot": false,
      "antispam": false,
      "antimedia": false,
      "antiimage": false,
      "antivideo": false,
      "antiaudio": false,
      "antisticker": false,
      "anticontact": false,
      "antilocation": false,
      "antidocument": false,
      "antilink": false,
      "antilinkgc": false,
      "mute": false,
      "liststore": {}
    },
    "6285655548594@s.whatsapp.net": {
      "badword": false,
      "antiforeignnum": false,
      "antiviewonce": false,
      "autoaipc": false,
      "autoaigc": false,
      "antibot": false,
      "antispam": false,
      "antimedia": false,
      "antiimage": false,
      "antivideo": false,
      "antiaudio": false,
      "antisticker": false,
      "anticontact": false,
      "antilocation": false,
      "antidocument": false,
      "antilink": false,
      "antilinkgc": false,
      "mute": false,
      "liststore": {}
    },
    "120363190404312751@g.us": {
      "badword": false,
      "antiforeignnum": false,
      "antiviewonce": false,
      "autoaipc": false,
      "autoaigc": false,
      "antibot": true,
      "antispam": false,
      "antimedia": false,
      "antiimage": false,
      "antivideo": false,
      "antiaudio": false,
      "antisticker": false,
      "anticontact": false,
      "antilocation": false,
      "antidocument": false,
      "antilink": false,
      "antilinkgc": false,
      "mute": false,
      "liststore": {}
    },
    "6287874021669@s.whatsapp.net": {
      "badword": false,
      "antiforeignnum": false,
      "antiviewonce": false,
      "autoaipc": false,
      "autoaigc": false,
      "antibot": false,
      "antispam": false,
      "antimedia": false,
      "antiimage": false,
      "antivideo": false,
      "antiaudio": false,
      "antisticker": false,
      "anticontact": false,
      "antilocation": false,
      "antidocument": false,
      "antilink": false,
      "antilinkgc": false,
      "mute": false,
      "liststore": {}
    },
    "6287788392122@s.whatsapp.net": {
      "badword": false,
      "antiforeignnum": false,
      "antiviewonce": false,
      "autoaipc": false,
      "autoaigc": false,
      "antibot": false,
      "antispam": false,
      "antimedia": false,
      "antiimage": false,
      "antivideo": false,
      "antiaudio": false,
      "antisticker": false,
      "anticontact": false,
      "antilocation": false,
      "antidocument": false,
      "antilink": false,
      "antilinkgc": false,
      "mute": false,
      "liststore": {}
    },
    "6283866450244@s.whatsapp.net": {
      "badword": false,
      "antiforeignnum": false,
      "antiviewonce": false,
      "autoaipc": false,
      "autoaigc": false,
      "antibot": false,
      "antispam": false,
      "antimedia": false,
      "antiimage": false,
      "antivideo": false,
      "antiaudio": false,
      "antisticker": false,
      "anticontact": false,
      "antilocation": false,
      "antidocument": false,
      "antilink": false,
      "antilinkgc": false,
      "mute": false,
      "liststore": {}
    },
    "6283187338718@s.whatsapp.net": {
      "badword": false,
      "antiforeignnum": false,
      "antiviewonce": false,
      "autoaipc": false,
      "autoaigc": false,
      "antibot": false,
      "antispam": false,
      "antimedia": false,
      "antiimage": false,
      "antivideo": false,
      "antiaudio": false,
      "antisticker": false,
      "anticontact": false,
      "antilocation": false,
      "antidocument": false,
      "antilink": false,
      "antilinkgc": false,
      "mute": false,
      "liststore": {}
    },
    "6285691603972@s.whatsapp.net": {
      "badword": false,
      "antiforeignnum": false,
      "antiviewonce": false,
      "autoaipc": false,
      "autoaigc": false,
      "antibot": false,
      "antispam": false,
      "antimedia": false,
      "antiimage": false,
      "antivideo": false,
      "antiaudio": false,
      "antisticker": false,
      "anticontact": false,
      "antilocation": false,
      "antidocument": false,
      "antilink": false,
      "antilinkgc": false,
      "mute": false,
      "liststore": {}
    },
    "6283856877894@s.whatsapp.net": {
      "badword": false,
      "antiforeignnum": false,
      "antiviewonce": false,
      "autoaipc": false,
      "autoaigc": false,
      "antibot": false,
      "antispam": false,
      "antimedia": false,
      "antiimage": false,
      "antivideo": false,
      "antiaudio": false,
      "antisticker": false,
      "anticontact": false,
      "antilocation": false,
      "antidocument": false,
      "antilink": false,
      "antilinkgc": false,
      "mute": false,
      "liststore": {}
    },
    "120363372111850676@newsletter": {
      "badword": false,
      "antiforeignnum": false,
      "antiviewonce": false,
      "autoaipc": false,
      "autoaigc": false,
      "antibot": false,
      "antispam": false,
      "antimedia": false,
      "antiimage": false,
      "antivideo": false,
      "antiaudio": false,
      "antisticker": false,
      "anticontact": false,
      "antilocation": false,
      "antidocument": false,
      "antilink": false,
      "antilinkgc": false,
      "mute": false,
      "liststore": {}
    }
  },
  "settings": {
    "6285718290295@s.whatsapp.net": {
      "totalhit": 0,
      "totalError": 0,
      "online": false,
      "safesearch": true,
      "autosticker": false,
      "autodownload": false,
      "autobio": false,
      "autoread": true,
      "autorecordtype": false,
      "autorecord": false,
      "autotype": false,
      "autoblocknum": false,
      "onlygc": true,
      "onlypc": false,
      "watermark": {
        "packname": "Mora AI",
        "author": "Meta Company"
      },
      "about": {
        "bot": {
          "nick": "RyzenOFC",
          "alias": "Mora AI"
        },
        "owner": {
          "nick": "+62 856-5554-8594",
          "alias": "6285655548594"
        }
      }
    },
    "6283856877894@s.whatsapp.net": {
      "totalhit": 0,
      "totalError": 0,
      "online": false,
      "safesearch": false,
      "autosticker": false,
      "autodownload": false,
      "autobio": false,
      "autoread": false,
      "autorecordtype": false,
      "autorecord": false,
      "autotype": false,
      "autoblocknum": false,
      "onlygc": false,
      "onlypc": false,
      "watermark": {
        "packname": "Mora AI",
        "author": "Meta Company"
      },
      "about": {
        "bot": {
          "nick": "+62 838-5687-7894",
          "alias": "Mora AI"
        },
        "owner": {
          "nick": "Ryzen Store",
          "alias": "6285655548594"
        }
      }
    }
  }
}